question,answer
Hi,Hello! How can I assist you today?
Hello,Hi! How may I help you?
How are you?,I'm here to help! How about you, how can I assist you today?
Greeting?,Hello! Welcome, how can I support you?
How do I check my account balance?,You can check your balance using mobile banking, internet banking, or ATM.
What is the interest rate for personal loans?,The current personal loan interest rate ranges from 10% to 12%.
How can I apply for a credit card?,You can apply for a credit card online through our website or by visiting a branch.
What are the bank's working hours?,Our working hours are Monday to Friday from 9 AM to 5 PM, and Saturday from 9 AM to 1 PM.
How do I report a lost or stolen card?,You can report a lost or stolen card by calling our customer service hotline or visiting a branch immediately.
What is the process for opening a new account?,To open a new account, you need to provide valid identification, proof of address, and complete the application form at a branch.
How can I transfer money to another bank?,You can transfer money using internet banking, mobile banking, or by visiting a branch. You will need the recipient's bank details.
What should I do if I forget my online banking password?,If you forget your online banking password, you can reset it by clicking on the "Forgot Password" link on the login page or by contacting customer support.
How do I set up automatic bill payments?,You can set up automatic bill payments through internet banking or by visiting a branch. You will need to provide the biller's details and your account information.
What are the fees for international money transfers?,International money transfer fees vary based on the amount and destination. Please check our website or contact customer service for specific rates.
How can I increase my credit limit?,To increase your credit limit, you can request a review of your account by contacting customer service or through internet banking. Approval is subject to credit assessment.
What should I do if my account is overdrawn?,If your account is overdrawn, please contact customer service immediately to discuss repayment options and avoid additional fees.
How do I update my personal information?,You can update your personal information by logging into your online banking account, using the mobile app, or by visiting a branch with valid identification.
What is the process for closing an account?,To close an account, you need to visit a branch with valid identification and complete the account closure form. Ensure all pending transactions are settled before closure.
How can I dispute a transaction on my account?,To dispute a transaction, you should contact customer service as soon as possible with details of the transaction. They will guide you through the dispute process.
What are the requirements for a home loan?,To apply for a home loan, you typically need proof of income, credit history, property details, and identification. Specific requirements may vary based on the loan type and amount.
How do I set up a standing order?,You can set up a standing order through internet banking, mobile banking, or by visiting a branch. You will need to provide the recipient's bank details and the amount to be transferred regularly.
What should I do if I suspect fraudulent activity on my account?,If you suspect fraudulent activity, immediately contact customer service to report the issue. They will assist you in securing your account and investigating the matter.
How can I access my account statements?,You can access your account statements through internet banking, mobile banking, or by requesting them at a branch. Statements can usually be downloaded or printed directly from your online account.
How do I set up an automatic credit card payment?,  You can set up an automatic credit card payment through internet banking, mobile banking, or by visiting a
What is the process for applying for a business loan?,To apply for a business loan, you need to provide your business